"Bill of Material for "
"On 2017/9/22 at 23:50:25"

"Comment","Pattern","Quantity","Components"

"*","lithium_connector","1","P3","Header, 2-Pin"
"0.1u","0603CC","2","C4, C5","Capacitor"
"104","0603CC","1","C2","Capacitor, NP0, ?.1pF"
"10K","0603RR","3","R3, R11, R16",""
"330","0603RR","3","R1, R14, R15",""
"4.7UF","0805C1","1","C1","Capacitor, NP0, ?.1pF"
"9013","SOT-23","2","Q1, Q2","NPN Transistor"
"Cap Pol1","CAP-6032","1","C3","Polarized Capacitor (Radial)"
"CP2102","QFN28","1","U3",""
"ESP_12_E","ESP_12_E","1","U2","ESP-12 Wi-Fi Module by AI-Thinker"
"Header 16X2","HEADER 2*5","1","P1","Header, 16-Pin, Dual row"
"LED1","0805LED","1","D1",""
"LED2","0805LED","2","D5, D6",""
"RB551V","0805LED","1","D7",""
"Res Semi","0603RR","3","R8, R12, R18","Semiconductor Resistor"
"Res1","0603RR","9","R2, R4, R5, R6, R7, R9, R10, R13, R17","Resistor"
"RESET","KEY_6*6*X _SMT","1","S1","Switch"
"SPX3819M5-3.3","SOT23-5","1","U1",""
"USBHOST","USB_mini","1","P2","Header, 5-Pin"
